URL,Reddit Date
https://thehill.com/homenews/campaign/521513-trump-on-if-biden-wins-maybe-ill-have-to-leave-the-country?amp,2020-10-17
https://www.theguardian.com/world/2020/oct/17/justin-trudeau-hits-back-at-china-after-threat-to-canadians-in-hong-kong,2020-10-17
https://atlantic.ctvnews.ca/policing-must-be-adequate-to-keep-everyone-safe-in-indigenous-lobster-dispute-pm-1.5148495,2020-10-17
https://www.vancouverisawesome.com/vancouver-news/bc-vancouver-anti-mask-rally-this-weekend-5g-anon-conspiracy-2798611,2020-10-16
https://www.michaelgeist.ca/2020/10/how-can-linking-to-an-article-be-immoral-when-the-media-source-itself-does-the-posting/,2020-10-16
https://m.huffingtonpost.ca/entry/budget-deficit-canada_ca_5f89a94fc5b62dbe71c23326?ri18n=1&utm_source=spotim&utm_medium=spotim_recirculation,2020-10-16
https://www.cbc.ca/news/canada/british-columbia/bc-covid-19-update-friday-1.5765983,2020-10-16
https://i.redd.it/43niacds1kt51.jpg,2020-10-16
https://www.theglobeandmail.com/opinion/article-its-time-to-kick-the-confucius-institute-out-of-canada/,2020-10-16
https://www.thestar.com/politics/federal/2020/10/16/liberals-want-conservative-candidate-in-york-centre-fired-over-tweet-about-transracial-kamala-harris.html,2020-10-16
https://www.cbc.ca/radio/asithappens/as-it-happens-thursday-edition-1.5763606/first-nation-chief-says-he-fears-for-his-people-after-attacks-on-mi-kmaw-lobster-fishery-1.5763609,2020-10-16
https://www.hilltimes.com/2020/10/16/ndp-open-to-tory-special-committee-on-we-scandal-says-mp-julian-as-liberals-slam-the-proposal/268176,2020-10-16
https://www.cbc.ca/news/canada/new-brunswick/matthew-raymond-murder-shooting-fredericton-trial-1.5763039,2020-10-16
https://www.thestar.com/politics/federal/2020/10/16/erin-otoole-wants-chinas-ambassador-to-canada-to-publicly-apologize-to-canadians-or-be-kicked-out.html,2020-10-16
https://www.cbc.ca/news/canada/british-columbia/trans-mountain-pipeline-kamloops-thompson-river-secwepemc-1.5765885,2020-10-16
https://www.thestar.com/news/canada/2020/10/15/this-truly-is-systemic-racism-sipeknekatik-chief-is-calling-out-justin-trudeau-over-ns-fisheries-violence.html,2020-10-16
https://www.reuters.com/article/us-china-canada-diplomacy/canada-will-continue-to-stand-up-against-chinese-human-rights-abuses-pm-trudeau-says-idUSKBN2712OF?il=0,2020-10-16
https://www.cbc.ca/news/canada/nova-scotia/joel-comeau-mike-sack-sipekne-katik-mi-kmaw-lobster-fishery-escalating-threats-1.5765042,2020-10-16
https://www.cbc.ca/news/politics/rcmp-pension-women-supreme-court-1.5765134,2020-10-16
https://www.nationalnewswatch.com/2020/10/16/liberals-propose-special-committee-to-examine-pandemic-related-spending/,2020-10-16
https://stratcann.com/2020/10/16/us-authorities-seize-a-tonne-of-cannabis-at-canadian-border/,2020-10-16
https://www.bnnbloomberg.ca/too-much-cultivation-pot-legalization-anniversary-comes-amid-supply-glut-concerns-1.1509195,2020-10-16
https://www.ctvnews.ca/business/new-loblaw-health-app-links-loyalty-points-to-wellness-achievements-1.5148248,2020-10-16
https://www.cbc.ca/news/canada/british-columbia/bc-debate-racism-white-privilege-1.5762881,2020-10-16
https://www.680news.com/2020/10/16/york-region-covid-19-stage-2-toronto-peel-ottawa-doug-ford/,2020-10-16
https://i.redd.it/62suxobhzgt51.jpg,2020-10-16
https://globalnews.ca/video/7400624/no-bc-for-xi-campaign-tracking-candidates,2020-10-16
https://www.nationalobserver.com/2020/10/15/news/americas-qanon-problem-infecting-canada-what-should-we-do-about-it,2020-10-16
https://oilprice.com/Latest-Energy-News/World-News/Canada-Government-Invests-In-Mini-Nuclear-Reactors.html,2020-10-16
https://www.lrt.lt/en/news-in-english/19/1254889/canadian-fm-in-vilnius-pledges-support-to-belarus-opposition,2020-10-16
https://www.thebeaverton.com/2020/10/somebody-should-call-the-police-say-ns-rcmp-officers-watching-van-being-torched/,2020-10-16
https://www.cbc.ca/news/canada/north/covid-19-cases-yellownife-1.5765133?fbclid=IwAR0ip3RPkNHjfIRXwcxUE8piPsbuKFswM-RTW991JoNqh8U07FwOmXVYTOE,2020-10-16
https://i.redd.it/d6njr8e2aht51.jpg,2020-10-16
https://toronto.citynews.ca/2020/10/15/mystery-leo-campbell-death-basilian-fathers/,2020-10-16
https://torontosun.com/news/provincial/online-petition-calls-for-blockbuster-museum-in-ontario,2020-10-16
https://www.cbc.ca/news/canada/windsor/electiccars-fca-unifor-dias-windsor-automakers-1.5763004,2020-10-16
https://www.cbc.ca/radio/asithappens/as-it-happens-wednesday-edition-1.5762110/canadian-youtubers-engineer-hyper-realistic-plasma-lightsaber-that-can-cut-through-steel-1.5762115,2020-10-16
https://www.theglobeandmail.com/world/article-chinese-ambassadors-perceived-threat-raises-concerns-for-canadians-in/,2020-10-16
https://www.cbc.ca/news/canada/toronto/ontario-covid19-update-october-16-1.5764897,2020-10-16
https://www.bnnbloomberg.ca/trudeau-targets-higher-immigration-despite-pandemic-travel-curbs-1.1509181,2020-10-16
https://www.cbc.ca/news/canada/new-brunswick/ccla-threatens-lawsuit-over-abortion-1.5763355,2020-10-16
https://www.bloomberg.com/news/articles/2020-10-16/craft-brewer-waterloo-stock-soars-on-hard-seltzers-and-canned-vodka,2020-10-16
https://www.cbc.ca/music/an-inspiration-for-all-of-us-what-it-was-like-working-with-gord-downie-on-his-final-solo-recording-1.5762117,2020-10-16
https://the-pigeon.ca/2020/10/16/pallative-psychedelics/,2020-10-16
https://toronto.citynews.ca/2020/10/16/we-charity-liberal-filibuster/,2020-10-16
https://www.bankofcanada.ca/2020/10/bank-canada-announces-changes-programs-support-key-financial-markets/,2020-10-16
https://www.ctvnews.ca/sci-tech/a-look-at-genetic-genealogy-the-science-that-helped-identify-christine-jessop-s-killer-1.5147193,2020-10-16
https://nationalpost.com/news/canada/one-in-seven-canadians-is-experiencing-food-insecurity-during-covid-19-and-its-toll-is-heavier-than-hunger-report,2020-10-16
https://globalnews.ca/news/7398288/we-charity-opposition-mps-liberal-filibuster/,2020-10-16
https://financialpost.com/real-estate/tiny-condos-now-the-biggest-losers-in-toronto-real-estate-market-shakeup,2020-10-16
https://www.thestar.com/politics/federal/2020/10/15/chinas-envoy-in-ottawa-denies-mistreatment-of-two-canadian-detainees-and-sends-a-warning-to-canada.html,2020-10-16
https://www.voanews.com/east-asia-pacific/canada-rejects-chinese-warning-against-granting-asylum-hong-kong-protesters,2020-10-16
https://www.cbc.ca/news/health/gyms-superspreading-events-covid-19-1.5763297,2020-10-16
https://montrealgazette.com/news/pq-leader-attacks-funding-of-anglo-schools-defends-his-mcgill-studies,2020-10-16
https://nationalpost.com/opinion/john-ivison-no-amount-of-smooth-diplomatic-phrases-can-mask-chinas-bullying,2020-10-16
https://www.cbc.ca/news/politics/westjet-atlantic-canada-liberals-analysis-1.5763078,2020-10-16
https://www.cbc.ca/news/canada/appliance-repair-industry-online-listings-1.5762489,2020-10-16
https://www.cbc.ca/news/canada/montreal/quebec-covid-19-lockdown-freedom-balance-1.5764317,2020-10-16
https://globalnews.ca/news/7399874/westjet-cuts-services/,2020-10-16
https://www.cbc.ca/news/politics/canada-recovery-benefit-crb-cerb-pandemic-covid-1.5764377,2020-10-16
https://www.theglobeandmail.com/world/us-politics/article-hydro-quebecs-high-stakes-campaign-to-bring-energy-to-maine-raises/,2020-10-16
https://www.bbc.com/news/world-us-canada-54472604,2020-10-16
https://www.thestar.com/politics/federal/2020/10/15/conservative-mp-says-the-bank-of-canada-is-becoming-too-political-experts-call-that-really-hard-to-believe.html,2020-10-15
https://www.reddit.com/r/canada/comments/jc2yam/bienvenue_au_vendredi_fran√ßais_pratiquez_votre/,2020-10-15
https://edmontonjournal.com/opinion/columnists/shandro-the-numbers-show-doctors-want-to-live-and-work-in-alberta?utm_medium=Social&utm_source=Twitter#Echobox=1602769165,2020-10-15
https://nationalpost.com/news/politics/liberal-battle-to-prevent-disclosure-of-more-we-documents-relies-on-pots-of-coffee-and-irrelevant-speeches,2020-10-15
https://nationalpost.com/news/politics/drug-companies-warn-they-will-abandon-canadian-market-if-prices-reduced,2020-10-15
https://www.ctvnews.ca/mobile/health/i-never-saw-stars-before-gene-therapy-brings-back-8-year-old-canadian-boy-s-sight-1.5145830,2020-10-15
https://www.cbc.ca/news/business/costco-executives-quarantine-exemption-error-1.5763787,2020-10-15
https://london.ctvnews.ca/mobile/proposed-1-500-acre-site-mapped-out-for-canadian-nuclear-waste-storage-in-south-bruce-ont-1.5146504,2020-10-15
https://ipolitics.ca/2020/10/15/libs-filibuster-two-house-committees-despite-oppositions-efforts-to-reopen-we-charity-probe/,2020-10-15
https://www.cbc.ca/news/politics/china-canada-ambassador-hong-kong-spavor-kovrig-meng-huawei-1.5763677,2020-10-15
https://www.google.ca/amp/s/www.washingtonpost.com/opinions/2020/10/15/canada-vaccine-nationalism/%3foutputType=amp,2020-10-15
https://www.cbc.ca/news/canada/british-columbia/b-c-liberal-candidate-compares-free-contraception-to-eugenics-1.5763779,2020-10-15
https://www.theweathernetwork.com/ca/news/article/first-all-canadian-electric-vehicle-will-be-built-in-windsor-ontario,2020-10-15
https://financialpost.com/diane-francis/diane-francis-canadas-embarrassing-money-laundering-problem,2020-10-15
https://www.theglobeandmail.com/canada/article-coronavirus-cases-soar-in-winnipeg-as-manitoba-struggles-with-one-of/,2020-10-15
https://www.reddit.com/gallery/jbv2pc,2020-10-15
https://www.cbc.ca/news/politics/bains-small-modular-reactors-net-zero-1.5763762,2020-10-15
https://www.bbc.com/news/election-us-2020-54547987,2020-10-15
https://www.thewirereport.ca/2020/10/15/liberals-wireless-price-drop-unlikely-to-achieve-promised-savings-govt-docs/,2020-10-15
https://www.vice.com/en/article/n7vjjk/toronto-police-embarrass-themselves-with-speed-trap-for-cyclists?utm_source=reddit.com,2020-10-15
https://www.cbc.ca/news/canada/toronto/christine-jessop-news-conference-1.5763673,2020-10-15
https://www.theglobeandmail.com/politics/article-chinese-envoy-says-canadas-acceptance-of-hong-kong-refugees/,2020-10-15
https://ipolitics.ca/2020/10/13/liberal-committee-chairs-are-inappropriately-cancelling-meetings-say-tory-mps/,2020-10-15
https://www.thestar.com/politics/provincial/2020/10/15/doug-ford-may-need-to-raise-taxes-to-cover-covid-19-costs-budget-watchdog-warns.html,2020-10-15
https://www.bloomberg.com/news/articles/2020-10-15/bank-of-canada-becoming-atm-for-trudeau-conservatives-warn,2020-10-15
https://ottawacitizen.com/news/local-news/wastewater-tracking-shows-covid-19-doubled-in-past-month-in-ottawa,2020-10-15
https://www.nsnews.com/documentarian-alanis-obomsawin-wins-100-000-glenn-gould-prize-1.24220940,2020-10-15
https://www.lapresse.ca/actualites/grand-montreal/2020-10-15/devolution-du-pouvoir-aux-municipalites/plante-invite-trudeau-a-bannir-lui-meme-les-armes-de-poing.php?fbclid=IwAR1xdKzJFFsQIu1xskgrSbDT7gc4gV3rWvBhTjOtOD0pktazFGeDdNPlKOg,2020-10-15
https://calgaryherald.com/news/local-news/winter-storm-expected-to-hit-calgary-and-area-this-weekend-with-snowfall-wind-and-colder-temperatures,2020-10-15
https://www.cbc.ca/news/business/crea-september-1.5763101,2020-10-15
https://www.cbc.ca/news/canada/toronto/ontario-teacher-hiring-seniority-regulation-274-1.5763203,2020-10-15
https://www.ctvnews.ca/mobile/politics/don-martin-resistance-grows-against-lockdowns-driven-without-data-1.5146410,2020-10-15
https://www.ctvnews.ca/mobile/politics/supreme-court-declines-to-hear-appeal-in-aga-khan-lobbying-case-1.5146325,2020-10-15
https://www.cbc.ca/news/canada/calgary/calgary-alberta-bc-weather-snow-environment-canada-1.5763058,2020-10-15
https://www.reuters.com/article/us-belarus-election-sanctions/canada-imposes-additional-sanctions-on-belarusian-officials-idUSKBN2701WC?il=0,2020-10-15
https://i.redd.it/j2uqatrzc9t51.jpg,2020-10-15
https://www.theglobeandmail.com/business/economy/article-canadian-home-sales-and-prices-rise-again-in-september/,2020-10-15
https://www.cbc.ca/news/politics/we-charity-conservatives-committee-1.5763028,2020-10-15
